,Open,High,Low,Close,Volume,Label,RSI,Momentum,CMO,Williams_%R,ATR,BB_Mid,BB_Upper,BB_Lower,BB_Bandwidth,KC_High,KC_Low,DC_High,DC_Low,SMA_20,EMA_20,DPO,MACD,MACD_Hist,Mass_Index,AD,CMF,Force_Index,MFI,OBV,timestamp,hour,day_of_week,index
0,0.19701188063356032,0.2368341877995258,0.20704451979743327,0.20307750722808363,-1.0447709153461981,0,1.5483992597754526,0.9500913043700503,0.9851744588725466,1.3416536638081806,-1.7965251711282308,0.8716324384812214,0.47008610455530114,0.9820843822745227,-0.7871762383532862,0.6084154738682512,0.8181176496447211,0.6399273854320733,0.9930402125417919,0.8716324384812214,0.9266276015722104,-0.18233674482499057,0.9705131620381158,-0.41116363296216507,0.6327119546867953,0.7710183688861627,0.855490978513283,0.8496286582322965,1.5696550990124565,0.02290494251549107,2011-01-03 01:00:00,-1.60465942807469,-1.2172233373794739,-1.7051956801764154
1,0.1756100857759242,0.19578752911922628,0.14237115783851664,0.31364350501585075,-1.3453276921477864,0,1.5483992597754526,0.9500913043700503,0.9851744588725466,1.3416536638081806,-1.7965251711282308,0.8716324384812214,0.47008610455530114,0.9820843822745227,-0.7871762383532862,0.6119213676147481,0.8157707060578026,0.6399273854320733,0.9930402125417919,0.8716324384812214,0.9266276015722104,-0.18233674482499057,0.9705131620381158,-0.41116363296216507,0.6327119546867953,0.8154597468843087,0.855490978513283,0.8496286582322965,1.5696550990124565,0.19459724236426437,2011-01-03 02:00:00,-1.4416464068099595,-1.2172233373794739,-1.651062483980339
2,0.29179594447310475,0.7816776031923619,0.10678663903711524,0.37993937640508746,-1.158359262431748,0,1.5483992597754526,0.9500913043700503,0.9851744588725466,1.3416536638081806,-1.7965251711282308,0.8716324384812214,0.47008610455530114,0.9820843822745227,-0.7871762383532862,0.6660176851009468,0.7904985454045116,0.6399273854320733,0.9930402125417919,0.8716324384812214,0.9266276015722104,-0.18233674482499057,0.9705131620381158,-0.41116363296216507,0.6327119546867953,0.84004240353108,0.855490978513283,0.8496286582322965,1.5696550990124565,0.40967917233786355,2011-01-03 03:00:00,-1.278633385545229,-1.2172233373794739,-1.5969292877842622
3,0.3681972190873212,0.5164313062790674,0.4205435590081064,0.26937448865396474,-1.0196407500617843,0,1.5483992597754526,0.9500913043700503,0.9851744588725466,1.3416536638081806,-1.7965251711282308,0.8716324384812214,0.47008610455530114,0.9820843822745227,-0.7871762383532862,0.7037531651035089,0.7847502343003345,0.6399273854320733,0.9930402125417919,0.8716324384812214,0.9266276015722104,-0.18233674482499057,0.9705131620381158,-0.41116363296216507,0.6327119546867953,0.822159774893263,0.855490978513283,0.8496286582322965,1.5696550990124565,0.6569534085331077,2011-01-03 04:00:00,-1.1156203642804985,-1.2172233373794739,-1.5427960915881853
4,0.2734036942104744,0.7435689227724147,0.6952766501890306,1.0648105150960494,-1.2427966177873782,0,1.5483992597754526,0.9500913043700503,0.9851744588725466,1.3416536638081806,-1.7965251711282308,0.8716324384812214,0.47008610455530114,0.9820843822745227,-0.7871762383532862,0.7496916825172184,0.8059951758131924,0.6399273854320733,0.9930402125417919,0.8716324384812214,0.9266276015722104,-0.18233674482499057,0.9705131620381158,-0.41116363296216507,0.6327119546867953,0.9056013076143296,0.855490978513283,0.8496286582322965,1.5696550990124565,0.8524400216761403,2011-01-03 05:00:00,-0.9526073430157683,-1.2172233373794739,-1.4886628953921088
5,1.0249530163886031,0.31128263067671974,0.6979861657092943,0.11801507645657293,-1.1030728988060379,0,1.5483992597754526,0.9500913043700503,0.9851744588725466,1.3416536638081806,-1.7965251711282308,0.8716324384812214,0.47008610455530114,0.9820843822745227,-0.7871762383532862,0.7708552174557389,0.838559868423503,0.6399273854320733,0.9930402125417919,0.8716324384812214,0.9266276015722104,-0.18233674482499057,0.9705131620381158,-0.41116363296216507,0.6327119546867953,0.9011241212839562,0.855490978513283,0.8496286582322965,1.5696550990124565,0.6245278247301465,2011-01-03 06:00:00,-0.7895943217510378,-1.2172233373794739,-1.4345296991960321
6,0.11468076459881694,-0.04230815716666402,-0.047842480165346354,-0.15299224605848658,-0.6999850476440417,0,1.5483992597754526,0.9500913043700503,0.9851744588725466,1.3416536638081806,-1.7965251711282308,0.8716324384812214,0.47008610455530114,0.9820843822745227,-0.7871762383532862,0.777732370012218,0.8536862356824174,0.6399273854320733,0.9930402125417919,0.8716324384812214,0.9266276015722104,-0.18233674482499057,0.9705131620381158,-0.41116363296216507,0.6327119546867953,0.8207070351545067,0.855490978513283,0.8496286582322965,1.5696550990124565,0.30307131767632906,2011-01-03 07:00:00,-0.6265813004863072,-1.2172233373794739,-1.3803965029999554
7,-0.14152487898687824,0.15863303359902092,0.032720862366333744,0.5562774247466091,-0.6306257914590598,0,1.5483992597754526,0.9500913043700503,0.9851744588725466,1.3416536638081806,-1.7965251711282308,0.8716324384812214,0.47008610455530114,0.9820843822745227,-0.7871762383532862,0.7867354082160608,0.8634493752310932,0.6399273854320733,0.9930402125417919,0.8716324384812214,0.9266276015722104,-0.18233674482499057,0.9705131620381158,-0.41116363296216507,0.6327119546867953,1.0254862654023358,0.855490978513283,0.8496286582322965,1.5696550990124565,0.6406239778409689,2011-01-03 08:00:00,-0.46356827922157695,-1.2172233373794739,-1.3262633068038787
8,0.5022386796374312,0.30759808216651896,0.513841904259731,0.22513508099476764,-0.7231047997057023,0,1.5483992597754526,0.9500913043700503,0.9851744588725466,1.3416536638081806,-1.7965251711282308,0.8716324384812214,0.47008610455530114,0.9820843822745227,-0.7871762383532862,0.7910486627984348,0.8789567766368879,0.6399273854320733,0.9930402125417919,0.8716324384812214,0.9266276015722104,-0.18233674482499057,0.9705131620381158,-0.41116363296216507,0.6327119546867953,1.1826288234097164,0.855490978513283,0.8496286582322965,1.5696550990124565,0.9567151005245121,2011-01-03 09:00:00,-0.30055525795684646,-1.2172233373794739,-1.272130110607802
9,0.2397135204139106,0.7805260633163309,0.48136352442378644,0.32911456929796135,-0.47079794025018845,0,1.5483992597754526,0.9500913043700503,0.9851744588725466,1.3416536638081806,-1.7965251711282308,0.8716324384812214,0.47008610455530114,0.9820843822745227,-0.7871762383532862,0.8047681423411505,0.8931586198106525,0.6399273854320733,0.9930402125417919,0.8716324384812214,0.9266276015722104,-0.18233674482499057,0.9705131620381158,-0.41116363296216507,0.6327119546867953,1.1496136482276256,0.855490978513283,0.8496286582322965,1.5696550990124565,1.3313588961184386,2011-01-03 10:00:00,-0.13754223669211615,-1.2172233373794739,-1.2179969144117255
10,0.3251041630597461,0.02850911768164211,0.2231712642041158,0.3448292514497406,-0.8477504195163944,0,1.5483992597754526,0.9500913043700503,0.9897423457946294,1.3416536638081806,-1.7965251711282308,0.8716324384812214,0.47008610455530114,0.9820843822745227,-0.7871762383532862,0.812106872418123,0.9080621754103969,0.6399273854320733,0.9930402125417919,0.8716324384812214,0.9266276015722104,-0.18233674482499057,0.9705131620381158,-0.41116363296216507,0.6327119546867953,1.2805771215507198,0.855490978513283,0.8496286582322965,1.5696550990124565,1.6185235987187647,2011-01-03 11:00:00,0.025470784572614345,-1.2172233373794739,-1.1638637182156488
11,0.30677278346437725,1.2416546520265557,0.35218010454750304,0.9431020466103032,-0.22150670062880426,0,1.5483992597754526,0.9500913043700503,1.023961954344665,1.3416536638081806,-1.7965251711282308,0.8716324384812214,0.47008610455530114,0.9820843822745227,-0.7871762383532862,0.8413123724255743,0.9183559503785669,0.6399273854320733,0.9930402125417919,0.8716324384812214,0.9266276015722104,-0.18233674482499057,0.9705131620381158,-0.41116363296216507,0.6327119546867953,1.471897023804941,0.855490978513283,0.8496286582322965,1.5696550990124565,2.0510202344791257,2011-01-03 12:00:00,0.18848380583734464,-1.2172233373794739,-1.109730522019572
12,0.9559989918400428,0.5117069022727105,-0.48616118812071746,-0.692916380321196,1.3013813156066678,0,1.5483992597754526,0.9500913043700503,1.021868877652458,1.3416536638081806,-1.7965251711282308,0.8716324384812214,0.47008610455530114,0.9820843822745227,-0.7871762383532862,0.8736976671822493,0.9067677528908892,0.6399273854320733,0.9930402125417919,0.8716324384812214,0.9266276015722104,-0.18233674482499057,0.9705131620381158,-0.41116363296216507,0.6327119546867953,1.3511647541108653,0.855490978513283,0.8496286582322965,1.5696550990124565,1.2651080630246185,2011-01-03 13:00:00,0.35149682710207497,-1.2172233373794739,-1.0555973258234954
13,-0.6914873028364829,0.09204413159181266,0.4621437607171865,0.691350711817969,1.1124024726678765,0,1.5483992597754526,1.0489049516145093,1.0250615629706288,1.3416536638081806,-0.12898542951178288,0.8716324384812214,0.47008610455530114,0.9820843822745227,-0.7871762383532862,0.8988876566709546,0.9048379440456452,0.6399273854320733,0.9930402125417919,0.8716324384812214,0.9266276015722104,-0.18233674482499057,0.9705131620381158,-0.41116363296216507,0.6327119546867953,1.4420797840448225,0.855490978513283,0.8496286582322965,1.5696550990124565,2.007164049191667,2011-01-03 14:00:00,0.5145098483668057,-1.2172233373794739,-1.0014641296274187
14,0.6696168487713802,-0.31648964504745647,-0.5094172276164629,-0.6245082732387712,1.4169800759149709,0,0.6972715196509289,0.7859440599532516,1.0238760075750941,0.21572686836278723,0.009788656394563725,0.8716324384812214,0.47008610455530114,0.9820843822745227,-0.7871762383532862,0.9144611490459199,0.8915599770775272,0.6399273854320733,0.9930402125417919,0.8716324384812214,0.9266276015722104,-0.18233674482499057,0.9705131620381158,-0.41116363296216507,0.6327119546867953,1.4026531608086783,0.855490978513283,0.461929855177329,0.9660015863711026,1.1944249558857893,2011-01-03 15:00:00,0.677522869631536,-1.2172233373794739,-0.947330933431342
15,-0.6040174113948658,-0.34680926756765645,0.7209907306656932,-0.008143212889367982,0.5766273488041758,0,0.5240911976475234,0.7134360938045572,1.0217465837907596,-0.07110619359480387,0.007635250817877947,0.8716324384812214,0.47008610455530114,0.9820843822745227,-0.7871762383532862,0.9137675098530682,0.8912045341719886,0.6399273854320733,0.9930402125417919,0.8716324384812214,0.9266276015722104,-0.18233674482499057,0.9705131620381158,-0.41116363296216507,0.6327119546867953,1.1691595716437548,0.855490978513283,0.4342918247189722,0.5370690066880811,0.5767059205603114,2011-01-03 16:00:00,0.8405358908962662,-1.2172233373794739,-0.8931977372352654
16,0.007825962926432216,0.4638507799063441,0.13278350510401715,0.7865744939142189,-0.14310058494143343,0,0.9525664312696437,0.6409145303705561,1.0211255783668522,0.5865838680621835,0.04046244716934945,0.8716324384812214,0.47008610455530114,0.9820843822745227,-0.7871762383532862,0.919475397584544,0.8905427681094336,0.6399273854320733,0.9930402125417919,0.8716324384812214,0.9266276015722104,-0.18233674482499057,0.9705131620381158,-0.41116363296216507,0.6327119546867953,1.2766735207239017,0.855490978513283,0.6311414995182687,0.6434176473279675,1.0273982076633414,2011-01-03 17:00:00,1.0035489121609966,-1.2172233373794739,-0.8390645410391887
17,0.77702869140648,0.8841117196306124,1.0918628092916032,0.31332498098933265,-0.16722554361447062,0,1.02537076101699,0.6918977166201502,1.0209675156202447,0.659533247809512,0.03155740582678857,0.8716324384812214,0.47008610455530114,0.9820843822745227,-0.7871762383532862,0.9268486402835299,0.8988321008294531,0.6399273854320733,0.9930402125417919,0.8716324384812214,0.9266276015722104,-0.18233674482499057,0.9705131620381158,-0.41116363296216507,0.6327119546867953,1.0547676499190723,0.855490978513283,0.6800245019995464,0.7268227830109484,1.472491832814781,2011-01-03 18:00:00,1.1665619334257273,-1.2172233373794739,-0.7849313448431121
18,0.28847092458388857,-0.7180328841005144,-1.3110034137885238,-1.2234881083923652,0.10015941501169147,0,0.05666718366707532,0.41216666247797884,1.0115038222365567,-1.2587229621475435,0.10994080236604302,0.8716324384812214,0.47008610455530114,0.9820843822745227,-0.7871762383532862,0.9270291928194216,0.8866677364716608,0.6399273854320733,0.9930402125417919,0.8716324384812214,0.9266276015722104,-0.18233674482499057,0.9705131620381158,-0.41116363296216507,0.6327119546867953,0.7966903834211104,0.855490978513283,0.28829654545270433,0.4062883338532254,0.9653463710332141,2011-01-03 19:00:00,1.3295749546904576,-1.2172233373794739,-0.7307981486470353
19,-1.195919895248802,-1.2855292603452628,-0.49144753332266994,-0.330832254473562,-0.4366209154633858,0,-0.19457601030141222,0.1812780416450331,0.99042304956471,-1.1318320204602732,0.10270669512735082,0.8716324384812214,0.47008610455530114,0.9820843822745227,-0.7871762383532862,0.9116639736051763,0.873525926501001,0.6399273854320733,0.9930402125417919,0.8716324384812214,0.9266276015722104,-0.18233674482499057,0.9705131620381158,-0.41116363296216507,0.6327119546867953,0.7031219382075337,0.855490978513283,0.24433387417986321,0.14698460679462405,0.5827711376745345,2011-01-03 20:00:00,1.4925879759551879,-1.2172233373794739,-0.6766649524509587
20,-0.32281943202327823,-0.2857733659601527,0.41108282024379766,0.4213248965335641,-1.3091402541382304,0,-0.03475051659178133,0.232277015791331,0.9743136196151141,-0.8823629928680023,0.011824573994366518,0.8681976123147543,0.4780219287763472,0.9714653940472631,-0.7683213547604553,0.9052515808494848,0.8699442865053139,0.6399273854320733,0.9930402125417919,0.8681976123147543,0.9049618471161593,-0.07459264143510529,0.9705131620381158,-0.41116363296216507,0.6327119546867953,0.801655000908277,1.1098610105672966,0.3429034409427925,0.20309950359838924,0.7628614304506934,2011-01-03 21:00:00,1.6556009972199182,-1.2172233373794739,-0.622531756254882
21,0.8307440495931365,0.73380271346335,0.21675629894338677,0.16197849139806736,-0.8809222376918205,0,-0.055235356534035246,0.18882152067301738,0.940946725334529,-0.929364403863601,-0.018667367751333902,0.8632502021483811,0.4878593435618059,0.9572685669253678,-0.7437328010780182,0.9042902874028707,0.8638728454869817,0.6399273854320733,0.9930402125417919,0.8632502021483811,0.8845392181253467,0.05069395623598798,0.9705131620381158,-0.41116363296216507,0.6327119546867953,0.7514612839434294,0.9366915807485611,0.399004669279467,0.17548639179456238,0.48339488803380426,2011-01-04 01:00:00,-1.60465942807469,-0.03688555567816594,-0.5683985600588054
22,-0.26154294541034784,-0.19620490675006158,0.2879742950706376,0.3010918604495143,-1.1694165351568901,0,0.022530548788819275,0.1774544171371878,0.924917304585598,-0.8172841161047829,-0.10544056367494521,0.8575149878153692,0.495679216489945,0.943282230490639,-0.7210120174938872,0.8899274323769235,0.8651789706136135,0.6399273854320733,0.9930402125417919,0.8575149878153692,0.8680176530618946,0.6293592067853989,0.9705131620381158,-0.41116363296216507,0.6327119546867953,0.8685260366766024,1.105207411888614,0.46515853452000594,-0.06345411655554456,0.6959107646129244,2011-01-04 02:00:00,-1.4416464068099595,-0.03688555567816594,-0.5142653638627286
23,0.2980009313566936,0.9765931679713651,0.44655429528370577,0.7214914311448498,-1.3624162045411876,0,0.40848992807649964,0.11994160472288132,0.9167387666515964,-0.2243432389290438,-0.134604702529385,0.8562860133154473,0.4961869339104003,0.94109045965,-0.7180286667021689,0.8825650555092862,0.8657606044590732,0.6399273854320733,0.9930402125417919,0.8562860133154473,0.8634177145587756,-0.0416411994743646,0.9705131620381158,-0.41116363296216507,0.6327119546867953,0.9357952444536307,1.2624400502169741,0.5588392987222828,-0.17445830501941653,0.8636373455793213,2011-01-04 03:00:00,-1.278633385545229,-0.03688555567816594,-0.46013216766665205
24,0.6773628657095916,0.1995248379853383,0.5143624328537402,0.01994828826432615,-0.8628285186870427,0,0.29527197446898973,0.30553191705172794,0.9112491154976041,-0.4340418418326491,-0.2052191726636341,0.8446265116494388,0.4884770407515538,0.9289337474364658,-0.7099488632969904,0.8661212829047685,0.863658559333406,0.6399273854320733,0.9930402125417919,0.8446265116494388,0.8555961559121891,0.3696591732021315,0.9705131620381158,-0.41116363296216507,0.6327119546867953,0.8435620140398005,0.9403450942842102,0.5614322869926706,0.08785152388102178,0.5799718066987393,2011-01-04 04:00:00,-1.1156203642804985,-0.03688555567816594,-0.4059989714705753
25,0.06559662326794279,0.37861972482507134,0.23937206289463053,0.4052339112838971,-0.8005057087816966,0,0.4429306146714488,0.2311547264789207,0.9094280950964199,-0.2026502800079157,-0.25918082299264156,0.8358346171499433,0.4799082880315283,0.921666521994707,-0.7083041403913607,0.8547327828959956,0.8563218095986713,0.6399273854320733,0.9930402125417919,0.8358346171499433,0.8525578077781057,-0.2207405836570326,0.9705131620381158,-0.41116363296216507,0.6327119546867953,0.8695911014057954,0.9963747992802725,0.6264639407284422,0.016930517455559672,0.8781005556209298,2011-01-04 05:00:00,-0.9526073430157683,-0.03688555567816594,-0.3518657752744987
26,0.42629415174247826,0.09135647487200525,-0.45562329858959977,-0.4441621413610421,-0.9683752128815803,0,0.055314517408379275,0.27814456622299744,0.8881240498685349,-0.9240481109728771,-0.2404637044586094,0.8241436033172923,0.48299565754174684,0.9020180016257301,-0.6827265141910429,0.8467823206257246,0.8421687193593107,0.6399273854320733,0.9930402125417919,0.8241436033172923,0.8368736459163041,-0.3355965090528975,0.932793232804166,-0.41116363296216507,0.6327119546867953,0.7928609942675211,1.0026470589083154,0.5545637739651991,0.25223521114992686,0.618929162778556,2011-01-04 06:00:00,-0.7895943217510378,-0.03688555567816594,-0.29773257907842193
27,-0.4751933693159398,-0.16240685306309688,0.26531437021470305,0.17145907975088073,-0.6467090972410846,0,0.03783676364131952,0.32489494853337597,0.8649813962877592,-0.9242131587564942,-0.2749090992188368,0.8086081051515047,0.4768722726060885,0.8829589543679041,-0.6652469680326629,0.8319331642091284,0.8314646157824785,0.6399273854320733,0.9930402125417919,0.8086081051515047,0.8220522293548138,0.16140131879507635,0.9029717999838272,-0.41116363296216507,0.6327119546867953,0.7055197822509807,0.4710583050643226,0.5809490217751985,-0.35731673901992034,0.2851089439149764,2011-01-04 07:00:00,-0.6265813004863072,-0.03688555567816594,-0.24359938288234517
28,0.15110841576509795,-0.2560597543619352,-1.7220893178826058,-1.4949521038434137,0.12227396046197556,0,-0.6744846328440655,-0.2681694208363147,0.8033526196425733,-1.177253776393452,-0.11410296496633437,0.7759299883200527,0.5168679319841342,0.8064119382961934,-0.543011198756801,0.8197303921043998,0.7900869799349267,0.6399273854320733,0.7376490103878625,0.7759299883200527,0.7747585139516608,0.367288565866769,0.7578484347757134,-0.41116363296216507,0.6327119546867953,0.4956313082221322,-0.16750166372695452,0.12320157088686588,-0.22560141356267893,-0.2271686246555483,2011-01-04 08:00:00,-0.46356827922157695,-0.03688555567816594,-0.18946618668626858
29,-1.394477015443232,-1.1946398743667022,-0.3682949031177411,-0.6285415346478392,0.21475296870861807,0,-0.9049791605017605,-0.5120102587776356,0.723150316178831,-1.4092923825690893,-0.05060613744054601,0.7337351971557948,0.5648438985284233,0.7101011815627806,-0.39097438687688124,0.7861077401420722,0.7457297461422691,0.6399273854320733,0.6495315780657492,0.7337351971557948,0.715437170618913,-0.5478843959298856,0.5876161851856231,-0.41116363296216507,0.6327119546867953,0.20252589274234759,-0.5982716925173752,-0.030074733428768742,-0.18428077275891008,-0.7609077307071697,2011-01-04 09:00:00,-0.30055525795684646,-0.03688555567816594,-0.13533299049019196
30,-0.6569625123902182,-0.8350021181952145,-0.3690191924338968,0.5083605878387237,0.2720497455570814,0,-0.6842458351775891,-0.06305168533002715,0.6679669309569252,-0.8337949988844425,-0.03683670009050043,0.6931475264914713,0.5697182747067607,0.645916846065697,-0.31135470718999414,0.7467738741733708,0.6991582220958514,0.6399273854320733,0.5614141457436359,0.6931475264914713,0.6678229292799572,-0.7958499232034537,0.4824129175596489,-0.41116363296216507,0.6327119546867953,0.47845134177687965,-0.3040997238278669,0.1785591679061983,-0.7582606897095214,-0.21387180252052101,2011-01-04 10:00:00,-0.13754223669211615,-0.03688555567816594,-0.08119979429411538
31,0.5017262531831759,0.6762036081344334,0.7284364542136565,0.2602790360985796,-0.10088190726361837,0,-0.6423066237215965,0.09047389860169515,0.6250816950323094,-0.6853334242596344,-0.041878792211837074,0.645721715660856,0.5251025728868305,0.6056078948157979,-0.2996519191450474,0.6954634227932474,0.658188750350385,0.6399273854320733,0.5614141457436359,0.645721715660856,0.625879149513783,-0.45388981508485476,0.4113254068076367,-0.41116363296216507,0.6327119546867953,0.5053096409575968,-0.5772131420608392,0.2792116886239469,-0.7491687143420059,0.24661814299779217,2011-01-04 11:00:00,0.025470784572614345,-0.03688555567816594,-0.027066598098038457
32,0.2400724877679743,0.2630994149599192,0.5716034901180261,0.508113310755949,-0.2446264526904649,0,-0.41667114164995983,0.11300678912466905,0.6004621381424097,-0.20210555699568952,-0.09009421895107106,0.6103020403295616,0.4968378831815754,0.5720171618895532,-0.28271740807555434,0.6380346213587801,0.6358213575568373,0.6116798170522353,0.5614141457436359,0.6103020403295616,0.5939874656874464,-0.3514795781994272,0.38580865283971066,-0.41116363296216507,0.6327119546867953,0.6496660212910417,-0.18026703802054658,0.4233148362999336,-0.2127412598539137,0.673749394387879,2011-01-04 12:00:00,0.18848380583734464,-0.03688555567816594,0.02706659809803814
33,0.5045570500234533,0.2593461210380171,-4.330053029472009,-3.9502023671244393,1.8039846212949424,0,-1.2998651580759166,-0.9554658520950426,0.32978576609611665,-1.0993016057720146,0.44599537204091955,0.5287800651675734,0.5981755175804435,0.37997958431549456,0.025949173339911785,0.5994358621433556,0.5374436048549486,0.5602547566684082,0.00234139716886566,0.5287800651675734,0.48260032545621684,0.028647308017634394,0.07171435206264702,-0.41116363296216507,0.6327119546867953,0.24675763901497258,-1.0094748394186017,-1.6124072155248392,-0.4290874105714914,-0.22880156772476218,2011-01-04 13:00:00,0.35149682710207497,-0.03688555567816594,0.08119979429411474
34,-3.8197494536390577,-4.179068646328159,-2.299387872511717,-2.245585764255258,1.9256146212715048,0,-1.5426198340356567,-1.6108829123858301,-0.012331202499832652,-1.191129761344198,0.7721465408304111,0.43147049450648467,0.7771316084389854,0.11076616430655267,0.4892144440750419,0.5209038422219276,0.4328515536990013,0.5602547566684082,-0.3775094551575414,0.43147049450648467,0.33361427607245003,0.7834486835805641,-0.3391339857360086,-1.075040243962088,0.6327119546867953,-0.10989177030974481,-1.5216215415258945,-2.527544013060477,-0.6771603695518518,-1.1595791171766718,2011-01-04 14:00:00,0.5145098483668057,-0.03688555567816594,0.13533299049019135
35,-2.188468585679716,-2.835316430449172,-1.0283008632429425,-1.3244835378716773,2.342775364992773,0,-1.653452139787698,-2.1339488035323617,-0.3611953416480958,-1.332130953787108,0.8934043783621145,0.3213354720128081,0.9336604084712494,-0.1622037554949434,0.9400227665169648,0.4201942170202714,0.3157186605069137,0.5602547566684082,-0.563701091815557,0.3213354720128081,0.168908713650464,1.0602170899780963,-0.7540635275246645,-1.6152496408574002,0.6327119546867953,-0.529107467824708,-1.7081677003038813,-2.915930541904552,-1.1071181964813206,-2.187166862874833,2011-01-04 15:00:00,0.677522869631536,-0.03688555567816594,0.18946618668626825
36,-1.2659145591224197,-1.034221100533974,0.5084368600130742,0.7592822556302717,0.9968037123595733,0,-1.4080356640961371,-1.9455020707529807,-0.5176249768407966,-1.1412337321115882,0.8297939825136641,0.21079079135249093,0.9672174367039317,-0.350999994674497,1.192695590552169,0.29889029339162476,0.21116742576118194,0.5602547566684082,-0.563701091815557,0.21079079135249093,0.03074232696266123,1.6277404860514868,-1.0181219803817627,-1.710715001406677,0.6327119546867953,-0.3695696212995922,-1.5482911724272617,-2.170406278207921,-1.1993320167386532,-1.4719377985591549,2011-01-04 16:00:00,0.8405358908962662,-0.03688555567816594,0.24359938288234484
37,0.7478609826710827,0.21013109312121406,-2.3547590616295713,-2.5066672836438864,1.820067927076967,1,-1.6084739315386665,-2.688295624153134,-0.7809693190406022,-1.3403947901690658,1.0887289222761272,0.07270447702707962,1.0389927767898917,-0.6074204045340866,1.5578400492428022,0.1832184184267192,0.05861609261178201,0.3741105240114541,-0.9037248560867736,0.07270447702707962,-0.1472049474593298,1.6611660494793323,-1.3946868993763324,-2.038170317677912,0.6327119546867953,-0.7858736712870953,-1.7195485547906098,-3.0928986055068255,-1.4355656522324063,-2.378221201972856,2011-01-04 17:00:00,1.0035489121609966,-0.03688555567816594,0.29773257907842143
38,-2.431824908635342,-2.0750076557981187,0.7063131834658335,0.5117724936579625,0.9636318941841472,0,-1.4865608726810349,-2.445573613421946,-0.922275631630822,-1.2520060826649662,1.0178004470517368,-0.0481131699659964,1.0756022699405028,-0.8137160527601754,1.835537958378707,0.043910034009653945,-0.055873938019408105,0.15247575672342573,-0.9037248560867736,-0.0481131699659964,-0.30221051060484516,2.091905402305348,-1.6391876448601945,-2.005404199263116,0.6327119546867953,-0.981238811900737,-1.5717663195521856,-2.4207342261548095,-1.681308091581878,-1.670690297840615,2011-01-04 18:00:00,1.1665619334257273,-0.03688555567816594,0.351865775274498
39,0.4674773324997932,0.9341997588058413,0.3300632350776203,1.206455954710259,0.15745619186015478,0,-1.1015404020008546,-2.182576857411997,-0.9611988101537118,-0.9597500968612823,1.0099829368930628,-0.15386800129325373,1.057074952109201,-0.9594228213838708,1.9966511205636963,-0.06897974462740945,-0.16722110506463034,0.15247575672342573,-0.9037248560867736,-0.15386800129325373,-0.422956221179923,1.2166771741086242,-1.7279611868141482,-1.6316516552964184,0.6327119546867953,-0.8001073287396165,-1.1361971922237866,-1.6791405232690748,-1.560824584017969,-1.150248013924021,2011-01-04 19:00:00,1.3295749546904576,-0.03688555567816594,0.40599897147057495
40,1.1870515818359952,0.3324999491360305,1.3105914532205039,0.28407526000282357,-0.6024800063405165,0,-1.0707668256039855,-1.7277778912444497,-0.9922678004336308,-0.9221298712170477,0.8754402050321609,-0.26100936795377505,1.0003810040276562,-1.0808919715661285,2.09826475120741,-0.18098739516049128,-0.2714049921184921,0.15247575672342573,-0.9037248560867736,-0.26100936795377505,-0.5306248792696204,0.9985812992600195,-1.7593687208197395,-1.2046247032911788,0.6327119546867953,-0.8667652183445386,-1.3383705276953397,-1.3125485468592688,-1.3458844315851601,-0.8061635814825256,2011-01-04 20:00:00,1.4925879759551879,-0.03688555567816594,0.46013216766665155
41,0.26599971358979835,-0.08071866753651265,0.18051700162468134,0.1253337456200902,-1.2669215764604154,0,-1.0799213649563701,-1.5346596199060492,-1.0202092783497294,-0.9275282537673959,0.7194123225505175,-0.3684973684475944,0.918600504726773,-1.1855836967798097,2.1596888762300535,-0.30264190816378145,-0.3717419325103216,0.15247575672342573,-0.9037248560867736,-0.3684973684475944,-0.6295537420079718,1.6304666844870568,-1.7568011086803559,-0.7871800991723895,-0.0012125790125299104,-0.8752914465602145,-1.2989605909294952,-1.0215879065567528,-1.3260351604602825,-0.9960515326739678,2011-01-04 21:00:00,1.6556009972199182,-0.03688555567816594,0.5142653638627281
42,1.3978359434641248,1.6532822011137567,-0.14114934151813682,-0.25050662215918384,0.012706439821931693,0,-1.134698433294374,-1.7288902739886238,-1.0632943007961313,-1.0230678796633794,0.7714664785907706,-0.4813739494411276,0.8129189068536765,-1.281871068229758,2.191897475794924,-0.40130454379088776,-0.4890482954458112,0.15247575672342573,-0.9037248560867736,-0.4813739494411276,-0.7278945899064352,2.0977133902768568,-1.7544605362854948,-0.4537311052122017,-0.36324901191245723,-1.1769549869703864,-1.82755575489716,-0.8846177186616343,-0.9986829099963991,-1.4829018448810194,2011-01-05 01:00:00,-1.60465942807469,1.143452226023142,0.5683985600588047
43,-1.5132583673903444,-0.4274989866052725,-0.3040286955491921,0.6084745199823759,-0.2114546345150388,0,-0.9573343086341444,-1.6398720643210196,-1.0726732756875657,-0.8581709184856187,0.8115103884271698,-0.5954795049345828,0.6531790807586031,-1.3427276362414589,2.137707444673503,-0.5120794768453754,-0.608466907609508,0.15247575672342573,-0.9037248560867736,-0.5954795049345828,-0.8089823377567844,2.7544901525247147,-1.6910627231290398,-0.050709191928411626,-0.7018076448748152,-1.1632625266609449,-1.8300438234908436,-0.5506569330929982,-0.979761835233105,-1.0480724333074958,2011-01-05 02:00:00,-1.4416464068099595,1.143452226023142,0.6225317562548817
44,0.5768357073297249,0.5770643955371002,1.1240180540615952,1.0844224504370208,-0.09284025437260597,0,-0.5900895024471542,-1.4925022230092184,-1.069813152310625,-0.5444136047962863,0.7711629569104027,-0.6991860454286369,0.46444211343257263,-1.3680073547937,2.0167657703858906,-0.6187378120813954,-0.7191508079888674,0.15247575672342573,-0.9037248560867736,-0.6991860454286369,-0.8651846672525704,0.043819194963641624,-1.5465675651530235,0.45269497516034607,-0.968749243294289,-0.9931686063852974,-1.428717822890942,-0.13818296662794632,-0.6491670389002658,-0.5857162671386523,2011-01-05 03:00:00,-1.278633385545229,1.143452226023142,0.6766649524509583
45,1.0688998731632646,0.40875004136464343,0.9132936310895091,0.3712385110889359,-0.12701727915940864,0,-0.5217971568742972,-0.3748955020337749,-1.0691250198998359,-0.4844305889438852,0.6640439102994833,-0.8032707319226604,0.23542430030173794,-1.3660805851556646,1.8299611292969165,-0.7298067878372154,-0.8218142837625215,0.12422818834358769,-0.9037248560867736,-0.8032707319226604,-0.9127532750550207,-1.3758190077871737,-1.3910401178001177,0.8800392992131985,-1.130656964744367,-0.9124385869785765,-1.3210633302167396,0.03483619010282454,-0.655709451037615,-0.13129153873456212,2011-01-05 04:00:00,-1.1156203642804985,1.143452226023142,0.7307981486470349
46,0.34412107561625144,0.40105592552868663,0.2633249571636231,0.20954280700193673,-0.5813706675016089,0,-0.5190171180400488,0.26378325413330783,-1.0679104566363766,-0.4821235498726422,0.5753559440220415,-0.900832399917062,0.004123904065647942,-1.3528047943713943,1.6270633661769667,-0.8398466141384108,-0.9149777400604368,0.04672844945527694,-0.9037248560867736,-0.900832399917062,-0.9556653423770728,-2.132516869218361,-1.2402003605207645,1.2114531427136221,-1.306942164804096,-0.9166172069329096,-1.2062070677865115,0.1426027085330769,-0.69599504538233,0.21769172291457492,2011-01-05 05:00:00,-0.9526073430157683,1.143452226023142,0.7849313448431114
47,0.1657226861853558,-0.11823274586370931,0.2798690701807706,0.028516936997102973,-0.9191200889241294,0,-0.5560118568558833,0.6169651799504711,-1.0528308882331734,-0.05308721816119401,0.445323302323092,-0.999780603244699,-0.26324400480855964,-1.3167387019171666,1.366771602646919,-0.9498412031009325,-1.0087126261012576,-0.04887870506112456,-0.9037248560867736,-0.999780603244699,-0.9978978619090383,-1.352587055901193,-1.1076981550504785,1.4356599205440645,-1.4537417905774939,-0.9900311962657644,-1.200467709811686,0.20791068054204098,-0.547930712190233,-0.05291027141229605,2011-01-05 06:00:00,-0.7895943217510378,1.143452226023142,0.8390645410391884
48,0.08123349175393443,0.6303446953784312,-0.451581822858643,0.4844238021490104,-0.12299645271390244,0,-0.4218745368479083,0.5453343062590768,-1.0321621178354985,1.002451211572953,0.44978929869453027,-1.0790652145734994,-0.47659002209070034,-1.2884527739796163,1.1592484734475503,-1.0511276043705542,-1.084671965496871,-0.32628431248372186,-0.9037248560867736,-1.0790652145734994,-1.0306186724365947,-3.0433042074447676,-0.95847707600501,1.6523372017913933,-1.4813135481102946,-0.8249166358615482,-0.7109855202888117,0.3597453816458751,-0.4202836115412893,0.4024475673170592,2011-01-05 07:00:00,-0.6265813004863072,1.143452226023142,0.893197737235265
49,0.4630604247512198,0.13375768445875302,0.22361677309641503,-0.4853027573240056,0.24691958027266767,0,-0.5802876368588457,1.075667085717718,-1.0325948780671677,0.993661038080695,0.44066894780358196,-1.1568057297356937,-0.6779865683658868,-1.266091927089578,0.9682759179879202,-1.1398719534954873,-1.1599680382265796,-0.4392745860031234,-0.9037248560867736,-1.1568057297356937,-1.0736631830321977,-2.525682095779701,-0.8672106639489806,1.6963403872935277,-1.3493362302404277,-0.988031580420015,-0.5362489971710898,0.21609586873743533,-0.27221953467807614,-0.1387564213366827,2011-01-05 08:00:00,-0.46356827922157695,1.143452226023142,0.9473309334313416
50,-0.45988075733668576,0.18337668751432107,0.40259002687306267,0.9960971033068109,-0.003376865960093095,0,-0.21093848229838677,1.2024531904625657,-1.026254567905546,1.9037286458190172,0.4019339140141449,-1.229850932064842,-0.9301406725648731,-1.2016980840450384,0.684508963172191,-1.2199646616008473,-1.2296620586553648,-0.4392745860031234,-0.9037248560867736,-1.229850932064842,-1.0971490986082664,-1.5184110390061651,-0.7165115287709917,1.864180183900308,-1.1813133123176673,-0.7072157443709564,-0.5388602546922661,0.5059585269205352,0.23104644475358255,0.3443614495693085,2011-01-05 09:00:00,-0.30055525795684646,1.143452226023142,1.0014641296274183
51,0.9708171008128087,0.2521093041343341,-0.9226594659866623,-1.5158597212263174,0.8902518115536592,0,-0.5928901598691757,0.49014206422578194,-1.0288109885928503,-0.317175828836736,0.5090042588193758,-1.3202278260596538,-1.2495306906319341,-1.1169186459047566,0.3204970185595602,-1.3000573697061917,-1.323111229824747,-0.4392745860031234,-0.9037248560867736,-1.3202278260596538,-1.1519666304432503,-1.1192007637398453,-0.7005898671554468,1.6976663214177636,-0.9144258063330851,-1.0186232404390638,-0.9514400504583975,-0.10414707109124048,0.32258189180043295,-0.346140191126845,2011-01-05 10:00:00,-0.13754223669211615,1.143452226023142,1.0555973258234952
52,-1.4604168300206806,-1.145523892859791,0.25021900190741025,0.42039552245604617,0.3705599934719832,0,-0.49796797167572676,0.525667585794937,-1.029791754656817,-0.11394957187005238,0.45294999308448075,-1.4115185728877464,-1.7462149713605706,-0.9112663836181675,-0.3363182913315961,-1.3949313782201371,-1.4133665168953915,-0.4392745860031234,-0.9037248560867736,-1.4115185728877464,-1.1973358494751523,-0.8327128672675532,-0.6519697633626452,1.637429027064215,-0.7330678223658676,-0.9830718895883482,-1.0677746079555333,0.08973424517255504,0.38408519691489434,0.2237569400287979,2011-01-05 11:00:00,0.025470784572614345,1.143452226023142,1.1097305220195717
53,0.4324552397498328,0.7192480615631472,-0.5434564359144588,-0.6463204731396023,0.6027627206999661,0,-0.6670380157641955,0.3244391806663482,-1.0386813811471884,-0.9967870332347941,0.5468404262106971,-1.4698475933844029,-1.967808252053079,-0.8458906220266801,-0.5979662688728119,-1.4989885664829787,-1.447682913777108,-1.2917717137744098,-0.9037248560867736,-1.4698475933844029,-1.2549159818053444,-0.9451981853280018,-0.6543423925316347,1.4754376455100484,-0.8283013024077355,-1.237249145975913,-0.9226998306230935,-0.1004627532155908,-0.13673741664286204,-0.40002731241090295,2011-01-05 12:00:00,0.18848380583734464,1.143452226023142,1.1638637182156484
54,-0.6626735643551919,-0.8877718089571638,-0.6943708726803874,-0.027540889494566574,1.3626989189006373,0,-0.7109026055834832,0.3825316344925284,-1.070952820250272,-0.43000797555082443,0.6244884937967834,-1.5063386823823057,-2.03241543770523,-0.8560292233168616,-0.6390729433807326,-1.5663922010929456,-1.4728666388749272,-1.8799005733753245,-0.9933358042109551,-1.5063386823823057,-1.3114922812546372,-0.5116141036996805,-0.6524848275370826,1.3552851528409355,-0.9058460123528252,-1.2159723008899612,-0.4369190844283242,-0.0750210644889084,-0.5865749380686859,-1.2001694163257024,2011-01-05 13:00:00,0.35149682710207497,1.143452226023142,1.2179969144117253
55,-0.016765306161642835,-0.2806675526895964,-2.8258229165620454,-2.848505671033595,2.598097844282416,2,-1.1597084694553323,-0.5168850761001361,-1.2444132965302825,-0.9450904004379915,1.0179088436288466,-1.5574829288793723,-1.9055003969716522,-1.020178933480323,-0.33588594179505826,-1.5963053912847913,-1.5384892223855644,-2.121815646166831,-1.446368930838769,-1.5574829288793723,-1.4219297969451898,0.3255658767652626,-0.8479954494156097,0.8186924581397262,-0.4456474874228221,-1.620095661270683,-0.4087335681828147,-1.756741882029535,-0.8064619242246956,-2.2870096676781952,2011-01-05 14:00:00,0.5145098483668057,1.143452226023142,1.2721301106078016
56,-2.7596036071139136,-2.0731017463568677,0.7740493365684251,1.1978112948733441,1.314449001554563,1,-0.7644828178187489,-0.4876431712863247,-1.3025093286453182,-0.3673667633048445,1.0635675855538305,-1.6044675693766757,-1.8999796399053597,-1.0943952551523444,-0.2414537085656544,-1.6386136122706978,-1.59411178539542,-2.126885722542713,-1.446368930838769,-1.6044675693766757,-1.5026675282137911,0.6255662350488836,-0.9085587340785771,0.690583090405448,-0.09754513358585987,-1.4258849663349304,-0.3529234257306286,-0.9703212107871677,-1.2220101589080115,-1.4980648876665767,2011-01-05 15:00:00,0.677522869631536,1.143452226023142,1.3262633068038785
57,1.1534363358119748,1.8901765049000292,1.5105469540448346,1.117246246750926,1.6803442080956268,0,-0.43303051779644786,-0.29489940772772977,-1.3200218962755927,0.16474711300199957,1.122549173171835,-1.6161900953760124,-1.8864271060575863,-1.1213066058043104,-0.19766041560202516,-1.6748487205408877,-1.5997444500040052,-2.198591088430018,-1.446368930838769,-1.6161900953760124,-1.5580483885197531,0.6744007461563157,-0.8682521060619227,0.813209084911052,0.28314286348323475,-1.4475118846609567,0.1699246588416033,-0.28768927064745003,-0.6896169089670423,-0.6242070680558366,2011-01-05 16:00:00,0.8405358908962662,1.143452226023142,1.3803965029999552
58,1.0723279804884034,1.5123541979033042,1.182729749095564,1.44120410576959,1.0993347867199814,0,-0.031075260977643918,0.023967095004572662,-1.3206463668427895,0.8869016594184337,1.1939019746476531,-1.6189316538758547,-1.8866029746837227,-1.1252937668359977,-0.1929719729504669,-1.6686398958091968,-1.615815911523091,-2.198591088430018,-1.446368930838769,-1.6189316538758547,-1.584177473946596,0.5567000919580913,-0.7262580208233752,1.138247900420929,-0.3446416607650969,-1.3711168798487499,0.5342268214085518,0.36132151622837605,-0.5639296291392585,0.11481630955410069,2011-01-05 17:00:00,1.0035489121609966,1.143452226023142,1.4345296991960317
59,1.4016903208351865,-0.5986898660401997,0.1770360138744459,-0.38178425911946595,0.7012729686148679,0,-0.14804828488854507,-0.08259203655005408,-1.3248939289226833,0.54482845322118,1.1735057839464238,-1.6370826618748138,-1.8948058686472466,-1.1468385446884597,-0.17361407991995675,-1.6850158124057193,-1.630591452018085,-2.198591088430018,-1.446368930838769,-1.6370826618748138,-1.619175794261715,0.8312164213871047,-0.635671327212485,1.283552004361386,-1.193762306985072,-1.3903075691303297,0.27630847604119646,0.21546756311611293,-0.901845348211433,-0.5318291458545944,2011-01-05 18:00:00,1.1665619334257273,1.143452226023142,1.4886628953921086
60,-0.3816415708208482,-0.6691101020907194,-0.17975714465688838,-0.1645665271412502,-0.2406056262449587,0,-0.22083882435301863,-0.2508147450794268,-1.3370896606610072,0.33008249599736544,1.1048139108036958,-1.6595823488735209,-1.9040632597047105,-1.1741730639885146,-0.14809402163852411,-1.7046261987167435,-1.6597343689060435,-2.198591088430018,-1.446368930838769,-1.6595823488735209,-1.6579710649426969,0.41090774083647913,-0.5709045760670332,1.3421723832022423,-1.9291808529233065,-1.309425194581424,0.47484441525418386,0.21069309659587399,-1.1415293235333461,-0.9598935075699463,2011-01-05 19:00:00,1.3295749546904576,1.143452226023142,1.5427960915881849
61,-0.13364001094104255,1.2443126248845588,0.7610393259220397,1.2450499614805783,-0.3109700890413172,0,0.11469182137127307,0.1980266286639837,-1.336901574530906,0.9382126403480195,1.080830642593005,-1.671241850539515,-1.9181295794819995,-1.1819470952132702,-0.15026521427555134,-1.708674940527216,-1.6853058499008406,-2.198591088430018,-1.446368930838769,-1.671241850539515,-1.6728800471137193,1.0355627736908548,-0.42700574742564196,1.5656693946468758,-2.3398467570088655,-1.1243832828168476,0.7340182173037786,0.5249985086444525,-0.9008850602074028,-0.5481585765467332,2011-01-05 20:00:00,1.4925879759551879,1.143452226023142,1.5969292877842618
62,1.1928773767360306,0.612960372633909,1.3270274830168398,0.6513835821512477,-1.2840100888538168,0,0.25098731356845777,0.10856066699624839,-1.3361206648124377,1.235866051306456,0.9598845677771644,-1.674140969872685,-1.9217654745002661,-1.1837847250755589,-0.15103500885944746,-1.7318590765927164,-1.6844895216966975,-2.198591088430018,-1.446368930838769,-1.674140969872685,-1.6776615414896194,-0.21469553495199845,-0.26482286289116114,1.7852719128206442,-3.0232545822655963,-1.033863016159962,1.2415906937782473,0.6068607727195577,-0.730351225278169,-0.36223634423766754,2011-01-05 21:00:00,1.6556009972199182,1.143452226023142,1.6510624839803387
63,-0.3658068827088909,-0.48420093422445276,-0.3515797096717824,-0.812714347501906,-0.6426882707955783,0,0.01490721832819479,0.29194081994203913,-1.3369557457912091,0.6435513531780863,0.9076951667623954,-1.690842418205052,-1.936813198729879,-1.1984378051580804,-0.1456683120006834,-1.7603133626126306,-1.6884283052817006,-2.198591088430018,-1.446368930838769,-1.690842418205052,-1.7017374671942278,0.0069562508995420595,-0.1944237395902606,1.7561181924236733,-3.5304907913375203,-1.1619522666638744,1.0550343837936882,0.44646685521520746,-0.6877820353855455,-0.6969896734265122,2011-01-06 01:00:00,-1.60465942807469,2.32379000772445,1.705195680176415
64,-0.003303910796659782,-0.17996823129327946,0.1255460852225094,0.11393780807439428,-1.186481417262311,0,-0.5393403249763388,-0.5989839025353656,1.3803108199244745,0.11448881758038792,0.5449104126166073,2.01121923726339,3.331585541919124,0.7894852494981978,0.929333737663599,2.1634392534921427,1.7848755722627263,2.3744776836301527,0.6124864688635854,2.01121923726339,1.97241086567373,-0.10874793056321996,-1.6707905343621383,1.1768202285439893,-0.5099194892407433,1.348382965919987,-0.13915929593818513,-0.6922098029233577,-1.2527240916526037,1.808573589610134,2011-01-06 02:00:00,-1.4498339211824907,0.4228198360068409,-1.705195680176415
65,0.11618465313182592,0.3611900518717347,0.1458146228961029,0.3566324787571823,-0.9143268189112524,0,-0.3353431048101208,-0.04068150267904595,1.3762559247505655,0.5995312469048092,0.13324611241425457,1.890667391431617,3.0264021473762077,0.796890085969933,0.7637130659979076,2.0379604388126054,1.6804380183999632,2.3744776836301527,0.6124864688635854,1.890667391431617,1.9158838621252456,-0.20688592914586806,-1.4729876415277623,1.2527811480564461,-0.7362506307215616,1.4713464280717048,-0.2650641486094581,-0.5373643186672211,-0.8739842022715576,1.952847024126071,2011-01-06 03:00:00,-1.2861842369573067,0.4228198360068409,-1.6510624839803387
66,0.35507491747274167,-0.2637687366312892,-0.4426802116585411,-0.755622695555445,-0.6807887514073037,0,-0.6534302712067285,-0.24559788508739602,1.3590716747725304,0.1676031071135637,-0.18149535820287033,1.736288067539723,2.6754939153211574,0.7856673740185958,0.5931486401637898,1.891353082118045,1.5512034196755717,2.3744776836301527,0.6124864688635854,1.736288067539723,1.8040994789226126,-2.73454124906091,-1.387137504806372,1.0627089316550498,-0.83863499284945,0.7445177006994502,-0.7653529612066272,-0.7026085333540396,-0.7935496245750087,1.7771721737000672,2011-01-06 04:00:00,-1.1225345527321224,0.4228198360068409,-1.5969292877842618
67,-0.8202850000299051,0.424051165246663,-0.04906168477082853,1.0557366751814088,-0.9271989958602891,0,-0.048243845574074413,1.6764105296880227,1.364892452939675,1.2660157861928283,-0.3078952789298135,1.6377904108352557,2.359593128137589,0.8262421040526959,0.38820333822445663,1.8111095768056937,1.4126199350859483,2.3744776836301527,0.6124864688635854,1.6377904108352557,1.787918533274692,-1.789414261268072,-1.160619718374573,1.225830600252625,-0.9621963165403356,1.2719826727160914,-0.2105325887839949,-0.38629489237338327,-0.3847132783633535,1.9197148215122997,2011-01-06 05:00:00,-0.9588848685069382,0.4228198360068409,-1.5427960915881849
68,1.106412244326509,-0.058303298164446946,0.6414562553352785,-0.2703617516548922,-0.9786877036564352,1,-0.1720801023903037,1.0821042064807453,1.3648776185278673,1.0848036687228637,-0.677726127689194,1.5129272197606318,1.9072149501653488,0.9046121283925267,0.07405486731801021,1.6555113511685067,1.349177495712259,2.2607995809728525,0.6124864688635854,1.5129272197606318,1.7516640504965262,-0.8897451342907404,-0.9943544312960091,1.2213263967712706,-1.172280406091868,1.2287355509670677,-0.6767373176325796,-0.41777378459348474,0.14847529148081823,1.784095320514885,2011-01-06 06:00:00,-0.7952351842817541,0.4228198360068409,-1.4886628953921086
69,-0.26802060846086917,1.1070975596646857,0.14979429648003983,0.4011347713669685,-0.3470315919429988,0,0.062165018433032626,0.8103520497409292,1.370941159811776,1.182781098191209,-0.6879526669474545,1.4412925603392215,1.644292471300488,0.9513325041983502,-0.10979282805331157,1.5797632803275072,1.2790858487444994,2.2186965799887024,0.6124864688635854,1.4412925603392215,1.7512842449613195,0.24769267900739034,-0.7920676217540327,1.2984327306595054,-1.2553798663125642,0.9874842234398431,-0.4401482744820432,-0.24192352648947651,1.0575312032413098,2.0046469976155117,2011-01-06 07:00:00,-0.6315855000565699,0.4228198360068409,-1.4345296991960317
70,0.3846351393443748,-0.8531738877108818,-0.5681825935559623,-0.7251552415420461,0.2791078725065648,0,-0.29319578952422715,-0.0891865742278567,1.3676302104939984,0.2041071298033512,-0.7913871554130238,1.2968624947002865,1.0061090770255308,1.1015997219186724,-0.5935598618389699,1.4590046718427014,1.1662492958156963,2.2186965799887024,0.6124864688635854,1.2968624947002865,1.6927013275327432,-0.13876994455963265,-0.7066809879507789,1.0981916747275946,-1.2176037133441935,0.40099707983205546,-1.5767458123266305,-0.5921093059473151,1.2171712916325508,1.699904910141832,2011-01-06 08:00:00,-0.4679358158313858,0.4228198360068409,-1.3803965029999548
71,-0.7376036805927959,0.25598767557302865,0.162087598817081,0.42752230329498847,-0.5345975989146743,0,-0.029161102715178352,0.3724642374292368,1.3678909199164464,0.4052167256315663,-0.8566099232835382,1.259718597222588,0.8847767316584448,1.118044437193335,-0.6733100332740002,1.3445958645487215,1.1562504874037602,1.225065756761808,0.6124864688635854,1.259718597222588,1.6742210223913492,-0.42709456954407193,-0.5677286489113775,1.0580179609361517,-1.092790562064428,0.3733342242620733,-0.8318112524915214,-0.39954622578006704,0.94106030906772,1.8952365524170507,2011-01-06 09:00:00,-0.3042861316062016,0.4228198360068409,-1.3262633068038785
72,0.4819441863386941,-0.4938545009875716,-1.0069771887537164,-1.5201733741080565,-0.5548253055488745,0,-0.7351947599724996,-0.0879465831425456,1.3181014896341725,-1.4347556439971498,-0.7263615139168239,1.1439755595464156,0.6468212794568364,1.0965925482304437,-0.7754529869663981,1.287728618487031,1.045963630619977,1.225065756761808,0.6124864688635854,1.1439755595464156,1.5353183312255785,0.5780764462414624,-0.6352480867840676,0.5632590519727784,-0.7911321864225606,-0.4439148633639826,-1.5704633238119003,-0.8436143475870728,0.1493843155115524,1.7026247178190819,2011-01-06 10:00:00,-0.14063644738101758,0.4228198360068409,-1.2721301106078016
73,-1.6926074689816413,-1.3913702025249644,-0.3581684710229113,-0.17021914358450138,-0.38840644642204486,0,-0.8068460377912197,-0.6581773384276924,1.2916752143932912,-1.6381923924819213,-0.9635567744949534,1.0642156725517518,0.5702136256223126,1.0364833336770896,-0.7545424843483551,1.1246005401105272,1.0199167347068738,0.2945894350113297,0.6124864688635854,1.0642156725517518,1.3961353555568268,1.0370450658753858,-0.6925725868332019,0.19029466667059136,-0.6379993272397991,-0.9885489131742162,-1.3297857774524064,-0.8092175806399088,0.33010487928189275,1.4876362836946482,2011-01-06 11:00:00,0.023013236844166673,0.4228198360068409,-1.2179969144117253
74,-0.05941784478450612,0.18527492629193631,-0.8059916591257774,-0.9001244319644416,0.2956578142981833,0,-1.178380109131496,-1.2477685222276844,1.2044899070986588,-2.0058047497636653,-0.828604879836675,0.9564320414778408,0.5840604640463279,0.8943643831615357,-0.6035561676368775,1.0197445310678914,0.9662231335347709,0.2945894350113297,0.6124864688635854,0.9564320414778408,1.1981593028041595,0.2425946011589988,-0.8334725418437817,-0.2953357123233365,-0.44986050958394386,-2.2852822070972856,-2.4539896334873896,-1.1662496162952165,0.2157216713763716,1.1806688990304912,2011-01-06 12:00:00,0.1866629210693507,0.4228198360068409,-1.1638637182156484
75,-0.8676525044823692,-0.6759493745208253,-0.974227957745722,0.8042691868956476,1.8274468712335328,2,-0.6322535838767102,-0.42431155546477045,1.1710801204838093,-0.6098860635064076,-0.5888049613632775,1.040005810802832,0.29318042122135207,1.1498957349678058,-1.013485870047577,0.8984801862051173,1.1070063559749246,0.2945894350113297,0.9148992163860674,1.040005810802832,1.0835816484429022,0.25902174089288377,-0.8230749818793274,-0.34484333503489173,-0.1783096456595669,-0.7588565834887845,-0.10815879691022746,-0.36129430624316194,-0.7229082435841933,1.6935999014354801,2011-01-06 13:00:00,0.35031260529453473,0.4228198360068409,-1.1097305220195715
76,0.8025485665161987,1.3209804286619111,0.23235301451903861,-1.0238237425414607,1.6417197466831484,2,-1.0604888989623988,-0.8999252777524076,1.1050733189521578,-1.4501597738075804,0.01108784444822556,1.0279008799283345,0.339559964595504,1.1106803898995905,-0.9496795156985093,0.9632706355225181,1.1049566002504674,0.2945894350113297,1.1976282939515215,1.0279008799283345,0.8979608707594811,0.5412569951138824,-0.9250349566607635,-0.6361973307982325,0.0844260621795433,-2.1783099900975804,-1.7710479873398988,-1.1419106124390084,-0.14705679566368132,1.2056416786125128,2011-01-06 14:00:00,0.5139622895197192,0.4228198360068409,-1.0555973258234952
77,-1.069818282499356,-2.215178102884245,-1.000005921940687,-0.15938809097037585,1.8918077559787156,2,-1.1239566785642274,-1.1150557214076227,0.9298284211602833,-1.13344872859909,0.15274722956629652,0.9624015964297067,0.48873738155438584,0.9512900164472767,-0.7107825343932113,0.8661130580119063,1.0557124688216317,0.2945894350113297,0.8612164801394756,0.9624015964297067,0.7174097576284408,0.025076612958490955,-1.004621657914352,-0.8191510493487845,0.35992398591240105,-1.538897388814138,-1.187296149074966,-1.138775962016375,-0.45627271467240454,0.6840567426890015,2011-01-06 15:00:00,0.6776119737449032,0.4228198360068409,-1.0014641296274183
78,-0.20578517343133476,2.548822123108139,-0.2333198054295933,2.1180999339383955,1.851352342710315,0,0.18371541864870772,0.08440053730292262,0.9299863521748033,0.4330294440459765,1.2559635807497713,0.9275791925443125,0.4129486693338582,0.9470136300233272,-0.7459196954169253,0.8799365190111461,0.9186288054938329,0.2945894350113297,0.7592192812709472,0.9275791925443125,0.723668397753237,0.856346528802651,-0.7787199522731529,-0.28103777300531907,0.724538817692247,-0.1719203273872958,-0.31835178478163695,0.7574717781358742,0.010381167574421585,1.200202063258013,2011-01-06 16:00:00,0.8412616579700872,0.4228198360068409,-0.9473309334313412
79,2.146265547597926,-0.8048266158625126,2.65776539082227,-0.2522058476162998,1.0027081052845481,1,0.061675540040376654,-0.46264557991343713,0.9262652560177138,0.2606717948940658,1.0445014745819128,0.911494558368722,0.39437367115229216,0.9365135663612755,-0.7449691369423613,0.8318915630993751,0.9163790736011643,0.2945894350113297,0.7592192812709472,0.911494558368722,0.7092174098112082,0.6661599024007955,-0.6149249653917874,0.0102967522222384,0.8159352980755367,0.5371973978684794,0.2751316001180078,0.4588878531986289,0.25970397913000565,0.7981650375118033,2011-01-06 17:00:00,1.0049113421952713,0.4228198360068409,-0.893197737235265
80,-0.249860427675042,-0.10041116845850065,-0.301501882238758,-0.4542078047329082,0.4988543218508317,2,-0.16075441045053288,-0.5395417932464482,0.9175006420941287,-0.050600974469808185,0.9215331923010667,0.8940833564259494,0.39150354321697517,0.9162052912714959,-0.7259156266393822,0.8263284629411071,0.9009309146046994,0.2945894350113297,0.7592192812709472,0.8940833564259494,0.659818204652914,0.9869139670323429,-0.5271924954990433,0.07293896407802085,0.47786068725978226,0.5110243088341301,0.04370157746465246,0.12134984385181888,0.12856203762470458,0.4638759484534543,2011-01-06 18:00:00,1.1685610264204558,0.4228198360068409,-0.839064541039188
81,-0.4704877298500815,-0.47846273771586545,0.07297603869961171,-0.3460941102265206,-0.13923787833712303,2,-0.32958029981053705,-0.8515606632538755,0.8917695952161969,-0.2872711792753516,0.6136003751416638,0.8083539144795705,0.27915443806347856,0.8671648985484272,-0.734803111770476,0.7297328147395197,0.8728842570092088,0.2945894350113297,0.7592192812709472,0.8083539144795705,0.5875050562460203,0.5106685280231468,-0.48633875996001824,0.018016406073692173,0.14923426953174698,0.10701111642625544,-0.7384219215042556,-0.061746922559416204,-0.19209075550086505,0.21538442885016973,2011-01-06 19:00:00,1.3322107106456398,0.4228198360068409,-0.7849313448431118
82,-0.33623498489603515,-0.18879361937900654,0.04039325232147928,-0.005591752454772737,-0.38013147552623566,2,-0.331490800472433,-0.5508718644391402,0.8861674371354001,-0.2898436815014968,0.2469344327025594,0.6995753575804617,0.03978308327031674,0.8551664631329159,-0.8473684220080454,0.6298217836153018,0.786994492750563,0.2945894350113297,0.7592192812709472,0.6995753575804617,0.5217786718599712,0.9292773646901487,-0.43964471467525235,-0.012835862832838378,-0.20401957817989175,-0.1872999679067144,-1.1594487441653414,-0.08192149041669623,-0.47087886992650657,-0.000716653869502632,2011-01-06 20:00:00,1.4958603948708238,0.4228198360068409,-0.7307981486470349
83,-0.01826778357614617,-0.23511330447693024,-0.04103667846908159,-0.04303527142854471,-1.2094674475284477,1,-0.3540115222382912,-0.7473411877390144,0.8816563713683568,-0.13843409532534123,-0.1610593219902073,0.6408747338879057,-0.01626637154278632,0.8107562431175788,-0.8316273932461007,0.5587939189691103,0.7346007366720732,0.2945894350113297,0.7592192812709472,0.6408747338879057,0.45900971569493637,-0.1733235833101783,-0.39363609054817683,-0.039053430195821026,-0.5993975410803152,-0.24150709410379395,-0.884607423604389,-0.10485716378653022,-0.7663955582657022,-0.10530562182192987,2011-01-06 21:00:00,1.6595100790960078,0.4228198360068409,-0.6766649524509579
84,-0.4450107958458661,-0.6937679421157364,-1.4294706133742425,-0.8743507690052228,-0.11625184807098635,0,-0.8174372393751194,-0.4769164607193546,0.8736963881083034,-0.8013654399428632,-0.14654354738911424,0.5383973738823452,-0.043794516022548254,0.6967450313146499,-0.7305458485265899,0.4884403694935948,0.6048162034849808,0.2945894350113297,0.7592192812709472,0.5383973738823452,0.33227157423749343,-0.2132585264563736,-0.45367340327668143,-0.297633637622476,-0.874809844353875,-0.13878989796489902,-0.6668746007524442,-0.4715961832676724,-0.7337695046113036,-0.35688783196754387,2011-01-07 01:00:00,-1.6134836054076747,1.0110909121902711,-0.6225317562548817
85,-0.4828503077335987,0.09725683820974156,0.4609539363812058,0.47453247818582667,-0.8233021390573512,0,-0.4509363595123684,-0.20731050379944033,0.8619816845782708,-0.2892042130358622,-0.3855241076295712,0.4410604639741431,-0.19396278192573269,0.6527931875725943,-0.7643098758093108,0.3970144709339584,0.4982788998556906,0.2945894350113297,0.7592192812709472,0.4410604639741431,0.25572944871300834,-0.8098752479983498,-0.4258656381532876,-0.30767243076418843,-1.0678651986790189,0.2712351322834355,-0.46150762434710685,-0.3118677046093619,-0.7776850512270217,-0.20037526290398253,2011-01-07 02:00:00,-1.4498339211824907,1.0110909121902711,-0.5683985600588047
86,0.48796595983315566,0.17725560915207195,0.6237220813580874,-0.15924437571728775,-1.060517971403882,0,-0.5393184166121467,0.10332280814296696,0.8529146087256494,-0.34137706369251375,-0.770359068618243,0.3702549094072404,-0.2423315684134169,0.5892440599969597,-0.7251574271927285,0.30873537650416855,0.4416356502020086,0.2945894350113297,0.7592192812709472,0.3702549094072404,0.1738685446781142,-0.14046930384247275,-0.40947099695753697,-0.34127567065090714,-1.2861497523794134,-0.24384385408113443,-0.3180931953256884,-0.32661579424603,-0.519059306211831,-0.32499190557070434,2011-01-07 03:00:00,-1.2861842369573067,1.0110909121902711,-0.5142653638627278
87,-0.16813389773451112,-0.23538123481523607,-0.12254834657766488,0.14060299225162912,-0.728599694360868,2,-0.42149677855069356,-0.17441528560494526,0.8378601763429946,-0.21703726299881454,-1.1658682997284817,0.25882321697399413,-0.50750440680572,0.5873095881398361,-0.8614820915620992,0.17342279891869822,0.3848424184222533,0.2945894350113297,0.7592192812709472,0.25882321697399413,0.11121161199256346,-0.8185136576860185,-0.36437280317646875,-0.3038451834848296,-1.4579273873450291,-0.02140592594701789,-0.53146330345634,-0.26880453913879543,-0.4879442447526766,-0.15574569147274583,2011-01-07 04:00:00,-1.1225345527321224,1.0110909121902711,-0.46013216766665155
88,0.1053898411086725,0.3457435702558692,-0.2489021074024013,-0.32789347763787363,-0.9336350843348074,0,-0.6227155402189946,0.11748675152543998,0.6695953553983927,-0.5017099645869776,-1.3232332225597045,0.14490420997745163,-0.7362378181583098,0.563356955011865,-0.9565517421478952,0.08345791656221853,0.27390563909162946,0.2945894350113297,0.7592192812709472,0.14490420997745163,0.02840438924559633,-0.8401804885418918,-0.35641296731650546,-0.35711286802789644,-1.5128694833707579,-0.41263836254367675,-0.7774537837911926,-0.332536878504341,-0.3705843006419959,-0.297422945933126,2011-01-07 05:00:00,-0.9588848685069382,1.0110909121902711,-0.4059989714705746
89,-0.28055236354344204,-0.816210142348225,-1.415000553759614,-0.7256045249648165,0.06120030558358896,2,-1.0422043994317534,-0.11992996443530063,0.4243116657733964,-1.133225268110004,-1.2447862672997074,-0.018926909254726967,-1.0720748036474126,0.5324826932767335,-1.1005746213942806,-0.08321031646044882,0.11692434702416674,-0.307483479062588,0.7592192812709472,-0.018926909254726967,-0.10445551269003617,0.8999634170615914,-0.4277686332222596,-0.5774410502511209,-1.3670216888006612,-0.43302677502545034,-0.6109508632898097,-0.6337848456342305,-0.18448130153841608,-0.5728652870655231,2011-01-07 06:00:00,-0.7952351842817541,1.0110909121902711,-0.35186577527449836
90,-0.7605407266910365,-0.8595188569002964,-0.12294041804945151,-0.7191153962636684,-0.2578457945103884,2,-1.413598182220233,-1.3030242095314912,0.1275957680812379,-1.758196371596602,-1.4273377352947847,-0.18226056557430664,-1.1681546034675323,0.3778485209324318,-0.9940257097047951,-0.26207241548649185,-0.017909584410963564,-0.307483479062588,0.7592192812709472,-0.18226056557430664,-0.28200076699865323,0.8496907049449518,-0.5595070967258127,-0.8889970801780939,-1.194183712536194,-1.103776096947433,-0.6837997683256779,-0.8391845388944941,-0.9693312990981277,-0.8054088434703879,2011-01-07 07:00:00,-0.6315855000565699,1.0110909121902711,-0.29773257907842143
91,-0.7428769224862516,-0.37955294502189313,-1.8931314946126083,-0.9833594499058521,0.2689940191894647,2,-1.855602782804751,-1.6076315824060916,-0.2695390311941651,-1.438295769373046,-1.0493649802368394,-0.4079429069457777,-1.2789317598311163,0.1527841913753666,-0.8236292910296548,-0.43947349830930155,-0.25703108758264726,-0.8042988906760352,0.0040821247354364395,-0.4079429069457777,-0.5209898004199687,0.6997222482364208,-0.7701559826296611,-1.3150483193054865,-0.8164528007710156,-1.3700784373248693,-0.8302236523965734,-1.225216792615684,-0.8125686755334345,-1.1087910271054429,2011-01-07 08:00:00,-0.4679358158313858,1.0110909121902711,-0.24359938288234453
92,-0.9657536595836876,-1.4781109438869247,-1.6042253199592413,-1.5391033621673855,0.3921991414159574,2,-2.408882305163004,-2.05914594187103,-0.8758520230048047,-1.5384622703707418,-0.638210981171217,-0.6337910692881653,-0.817408953594502,-0.3693889826414898,-0.05238775746608558,-0.6530066356950187,-0.5016019413387918,-1.048496296384296,-0.6955828710119307,-0.6337910692881653,-0.8597005910949563,0.6320311034709759,-1.1097455535709126,-1.9447933564813342,-0.36001410030247666,-1.7920484670146803,-0.5336043064103914,-1.8662677842254676,-1.8595732166576202,-1.4287393120473832,2011-01-07 09:00:00,-0.3042861316062016,1.0110909121902711,-0.18946618668626825
93,-1.5476198124801326,-1.287092493716338,0.007904550757518038,0.34960862738256965,0.005114391734215415,2,-2.08160382159433,-1.7702798812503733,-1.167714849334552,-1.3303554293792383,-0.7055681778168328,-0.8367559376487398,-0.6423855705414018,-0.7142824211705116,0.38971704779250604,-0.8626062679184853,-0.7240754285045373,-1.048496296384296,-0.6955828710119307,-0.8367559376487398,-1.1382343792811584,0.8025334848468632,-1.309562331505464,-2.1354149572896577,0.052753400815381726,-0.8130047512608929,0.506364537773759,-1.4768752325816592,-2.772634247563229,-1.16083825583827,2011-01-07 10:00:00,-0.14063644738101758,1.0110909121902711,-0.13533299049019135
94,0.3443199061227572,-0.050554608459556456,0.3987167457152689,-0.45125243804597004,-0.23577920545489717,2,-2.2414482913954497,-1.955452784815272,-1.4348036974456506,-1.559143620486119,-0.9281030113867578,-1.0196564685324043,-0.4089098759795885,-1.064381360629528,0.8680060361146583,-1.1111476012492145,-0.8759073342399587,-1.048496296384296,-0.6955828710119307,-1.0196564685324043,-1.4259652368150328,0.9275780054073086,-1.497848971284708,-2.26207785089558,0.26127066700722534,-0.9626676942465748,1.294049773948356,-1.462845467485337,-2.7497718700259797,-1.3963488751637712,2011-01-07 11:00:00,0.023013236844166673,1.0110909121902711,-0.08119979429411442
95,-0.41856282666499606,0.16593330829138417,-0.04554281783735072,-0.024526354449110863,0.15958051512265403,2,-2.2496736311336756,-1.9477684070134365,-1.7352079392646602,-1.5607492040146145,-1.0613531119695236,-1.2392034339812437,-0.36426935211241684,-1.3623932802004035,1.1950952487708815,-1.3527772040805541,-1.013190973735969,-1.048496296384296,-0.6955828710119307,-1.2392034339812437,-1.6880943705006692,0.4551561247845188,-1.6215181974528066,-2.2186266158703423,0.38362087584798993,-1.29012074402085,0.008774645934034205,-1.2920185322820792,-2.045532927541811,-1.685019371817338,2011-01-07 12:00:00,0.1866629210693507,1.0110909121902711,-0.02706659809803814
96,-0.0712722260769426,2.9412866792081136,-1.9243683666034852,2.806683345297822,2.232920445128184,2,-0.014871970873179602,-0.41697387457838014,-1.7074512863821705,0.5909837396484895,0.5190162349159196,-1.290276293013145,-0.4244910998757625,-1.395089698017743,1.1970424487403633,-1.393123728460301,-1.2425636387059982,-1.048496296384296,-1.3755641968021886,-1.290276293013145,-1.7022083716955838,0.8584707279061529,-1.338947072162415,-1.2736449236592176,0.9479118445164171,0.7045804217107325,2.4138791552726313,1.411220571071906,-0.9270470726924185,-1.1175685882456583,2011-01-07 13:00:00,0.35031260529453473,1.0110909121902711,0.027066598098038772
97,2.80828671402509,1.123491185207273,4.838806681292625,0.03574683067528678,2.3965809806230776,2,0.008867450957725207,-0.6002751912064319,-1.6768300399385208,0.7151683837922772,0.6552185635623505,-1.3327264615591938,-0.47415780191400925,-1.4224670942979596,1.1990686811878772,-1.4114426239307392,-1.2651609457169597,-1.048496296384296,-1.3755641968021886,-1.3327264615591938,-1.711976157359774,0.7757685761424694,-1.087955031327282,-0.5884155555706522,1.275313909621648,-0.3908576489580026,1.1849238867093252,1.2175275305669255,-0.08737766559230961,-0.5281120880125932,2011-01-07 14:00:00,0.5139622895197192,1.0110909121902711,0.08119979429411506
98,0.019270481270876622,3.632867744559349,0.5559122383427132,4.080590464582032,2.1584457070659013,0,1.921164180855337,1.1715751703394315,-1.535877225329751,1.5885118609812314,1.8473060643193426,-1.2887839042751974,-0.25182026236800886,-1.4828005877821826,1.3765668239416062,-1.364409140774982,-1.248812893963441,-0.20222597660211755,-1.3755641968021886,-1.2887839042751974,-1.3947937691654286,0.8458671465586098,-0.35572041495780976,1.0380383628422798,1.818842109882562,1.387936646109538,1.4632389932466006,4.67208476733112,0.6824067840847806,0.029324858201939235,2011-01-07 15:00:00,0.6776119737449032,1.0110909121902711,0.13533299049019196
99,4.078077232966034,-0.49376486567192296,1.364365426494993,-1.7211473908846098,1.8210107827590145,2,1.0290479571822426,0.38757144140734456,-1.4888033497812365,0.8992255730298818,2.2908043927806467,-1.3101748095191383,-0.3323333799086989,-1.4678109912996886,1.3192930234187654,-1.2873686325233797,-1.3227540821697654,-0.20222597660211755,-1.3755641968021886,-1.3101748095191383,-1.2462125772308317,0.6177281628405927,0.01362959866055693,1.5261235316091448,2.175662769734874,0.8572888620008461,0.6041301184892678,2.5512523733333428,0.09715653343687487,-0.48274075085119744,2011-01-07 16:00:00,0.8412616579700872,1.0110909121902711,0.18946618668626888
